state,baseline_predicted_sustained_pore_prob,CypD_reduction,ANT_reduction,ATPsynthase_reduction,Combined_reduction
Cardiac_Control,0.44284553108466607,0.3573894639096689,0.4041693695094619,0.41700942856804507,0.3130434623552809
Cardiac_Ischemia_Reperfusion,0.9585395206197203,0.9352643131239537,0.9458579464625657,0.9344643869722227,0.884903207896856
Cancer_Therapy_Naive,0.5040661558875882,0.4216135360075553,0.4489494963940382,0.4662840028648092,0.33953573697253603
Cancer_Stress_Adapted,0.46315884105902283,0.4116131271208393,0.4091518933942008,0.4350560170390327,0.33132844074544265
