feature,importance_mean,importance_sd
ANT_function_au,0.036555555555555536,0.011855092149643667
matrix_ca_au,0.026777777777777737,0.010877545111573697
CypD_activity_au,0.022555555555555537,0.018805699162425582
ATPsynthase_pore_propensity_au,0.0213333333333333,0.012250472402077963
mtROS_au,0.012777777777777747,0.007641666161799732
delta_psi_mV,0.012333333333333314,0.007013215039137565
