,delta_psi_mV,delta_psi_mV,matrix_ca_au,matrix_ca_au,mtROS_au,mtROS_au,CypD_activity_au,CypD_activity_au,ANT_function_au,ANT_function_au,ATPsynthase_pore_propensity_au,ATPsynthase_pore_propensity_au,transient_pore_score,transient_pore_score,sustained_pore_prob,sustained_pore_prob,sustained_pore_open,sustained_pore_open,mtDNA_release_au,mtDNA_release_au,viability_fraction,viability_fraction,ATP_index,ATP_index
,mean,std,mean,std,mean,std,mean,std,mean,std,mean,std,mean,std,mean,std,mean,std,mean,std,mean,std,mean,std
state,,,,,,,,,,,,,,,,,,,,,,,,
Cancer_Stress_Adapted,147.01708607527468,10.901955068355349,0.4834618136723939,0.1016485405040873,0.5401991333408024,0.10158073995928113,0.3098007792167032,0.1150154635389799,0.45724920206942055,0.15946222209858854,0.3657820557669009,0.1417547879541367,0.5052791280945282,0.13174961184403675,0.4359979282889999,0.13664796530249804,0.408,0.49195532325624863,0.9688814839716219,0.5664099984374479,0.7341798251186051,0.2190094212021426,0.772935541021465,0.09238694405796888
Cancer_Therapy_Naive,149.9902974715932,10.269431559710902,0.42701671805793856,0.08744043388383853,0.3989719250314818,0.08401862671831713,0.3784470534794285,0.12260284332562624,0.5250274104423824,0.1538522297222261,0.4238435805221511,0.1413472472916935,0.45421126522155647,0.12439016359097776,0.5906945301192496,0.12997958964726847,0.564,0.496383716077768,1.0763329270887518,0.5644144457352673,0.6923810811103939,0.21732773361494126,0.7704773050807274,0.09490865236221864
Cardiac_Control,164.61990416129433,7.866274119069399,0.30241418158441047,0.07872877912931497,0.2519543046126624,0.07062554422095861,0.41137197332418146,0.11800508959822953,0.6014421163272726,0.1573870405540698,0.46787791464501566,0.14104040749846836,0.40787902220729255,0.12053914959218498,0.43683188343103563,0.12986620091150533,0.44,0.4968840786090359,0.8791492731491602,0.5693092110682332,0.7694146990102219,0.21450372886645963,0.8462344828112552,0.09146799342480563
Cardiac_Ischemia_Reperfusion,118.26949584843429,15.73074129618276,0.8233170812994562,0.10483008729017693,0.8790320250396616,0.11508403471952672,0.7310804249256804,0.13161020031499635,0.6282964984765188,0.16414155822285117,0.5854241363556645,0.15585421973565305,0.8082196722421385,0.13645984281549733,0.9758153910204588,0.015809781716888002,0.972,0.16513794561567105,1.7827313789326906,0.23058587060592736,0.4184531582348554,0.08875815512563495,0.570830968463844,0.06969967964764127
